Name,Wikipedia link (en)
Ebola virus disease,https://en.wikipedia.org/wiki/Ebola_virus_disease
Echovirus infection,https://en.wikipedia.org/wiki/Echovirus
Ectodermal dysplasia,https://en.wikipedia.org/wiki/Ectodermal_dysplasia
Ectopia cordis,https://en.wikipedia.org/wiki/Ectopia_cordis
Ectopia lentis,https://en.wikipedia.org/wiki/Ectopia_lentis
Ectopic pregnancy,https://en.wikipedia.org/wiki/Ectopic_pregnancy
Ectrodactyly,https://en.wikipedia.org/wiki/Ectrodactyly
Ectrodactyly–ectodermal dysplasia–cleft syndrome,https://en.wikipedia.org/wiki/Ectrodactyly%E2%80%93ectodermal_dysplasia%E2%80%93cleft_syndrome
Eczema,https://en.wikipedia.org/wiki/Eczema
Edwards syndrome,https://en.wikipedia.org/wiki/Edwards_syndrome
Eec syndrome without cleft lip palate,https://en.wikipedia.org/wiki/Eec_syndrome_without_cleft_lip_palate
Eec syndrome,https://en.wikipedia.org/wiki/Eec_syndrome
Eem syndrome,https://en.wikipedia.org/wiki/Eem_syndrome
Egg hypersensitivity,https://en.wikipedia.org/wiki/Egg_hypersensitivity
Ehlers–Danlos syndrome,https://en.wikipedia.org/wiki/Ehlers%E2%80%93Danlos_syndrome
Ehrlichiosis,https://en.wikipedia.org/wiki/Ehrlichiosis
Eiken syndrome,https://en.wikipedia.org/wiki/Eiken_syndrome
Eisenmenger syndrome,https://en.wikipedia.org/wiki/Eisenmenger_syndrome
Ekbom syndrome,https://en.wikipedia.org/wiki/Ekbom_syndrome_(disambiguation)
Elective mutism,https://en.wikipedia.org/wiki/Elective_mutism
Ectrodactyly–ectodermal dysplasia–cleft syndrome,https://en.wikipedia.org/wiki/Ectrodactyly%E2%80%93ectodermal_dysplasia%E2%80%93cleft_syndrome
Elejalde syndrome,https://en.wikipedia.org/wiki/Elejalde_syndrome
Elephant man in context of NF,https://en.wikipedia.org/wiki/Elephant_man_in_context_of_NF
Elephantiasis,https://en.wikipedia.org/wiki/Elephantiasis
Ellis–van Creveld syndrome,https://en.wikipedia.org/wiki/Ellis%E2%80%93van_Creveld_syndrome
"Emery–Dreifuss muscular dystrophy, dominant type",https://en.wikipedia.org/wiki/Emery%E2%80%93Dreifuss_muscular_dystrophy#Classification
"Emery–Dreifuss muscular dystrophy, X-linked",https://en.wikipedia.org/wiki/Emery%E2%80%93Dreifuss_muscular_dystrophy#Classification
Emery–Dreifuss muscular dystrophy,https://en.wikipedia.org/wiki/Emery%E2%80%93Dreifuss_muscular_dystrophy
Emetophobia,https://en.wikipedia.org/wiki/Emetophobia
Emphysema,https://en.wikipedia.org/wiki/Emphysema
Empty sella syndrome,https://en.wikipedia.org/wiki/Empty_sella_syndrome
Encephalitis,https://en.wikipedia.org/wiki/Encephalitis
Encephalitis lethargica,https://en.wikipedia.org/wiki/Encephalitis_lethargica
Encephalocele anencephaly,https://en.wikipedia.org/wiki/Encephalocele_anencephaly
Encephalocele,https://en.wikipedia.org/wiki/Encephalocele
"Encephalomyelitis, myalgic","https://en.wikipedia.org/wiki/Encephalomyelitis,_myalgic"
Encephalomyelitis,https://en.wikipedia.org/wiki/Encephalomyelitis
Encephalopathy,https://en.wikipedia.org/wiki/Encephalopathy
"Encephalopathy, chronic traumatic",https://en.wikipedia.org/wiki/Chronic_traumatic_encephalopathy
"Encephalopathy, Fetal Alcohol",https://en.wikipedia.org/wiki/Fetal_Alcohol_Spectrum_Disorder
"Encephalopathy, Glycine",https://en.wikipedia.org/wiki/Glycine_encephalopathy
"Encephalopathy, Hashimoto's",https://en.wikipedia.org/wiki/Hashimoto%27s_encephalopathy
"Encephalopathy, Hepatic",https://en.wikipedia.org/wiki/Hepatic_encephalopathy
"Encephalopathy, HIV associated",https://en.wikipedia.org/wiki/HIV-associated_neurocognitive_disorder
"Encephalopathy, Hypertensive",https://en.wikipedia.org/wiki/Hypertensive_encephalopathy
"Encephalopathy, Hypoxic ischemic",https://en.wikipedia.org/wiki/Cerebral_hypoxia
"Encephalopathy, Lyme",https://en.wikipedia.org/wiki/Lyme_disease
"Encephalopathy, Mitochondrial",https://en.wikipedia.org/wiki/MELAS_syndrome
"Encephalopathy, Neonatal",https://en.wikipedia.org/wiki/Neonatal_encephalopathy
"Encephalopathy, Static",https://en.wikipedia.org/wiki/Fetal_Alcohol_Spectrum_Disorder
"Encephalopathy, Toxic",https://en.wikipedia.org/wiki/Toxic_encephalopathy
"Encephalopathy, transmissible spongiform",https://en.wikipedia.org/wiki/Transmissible_spongiform_encephalopathy
"Encephalopathy, Uremic",https://en.wikipedia.org/wiki/Uremic_encephalopathy
"Encephalopathy, Wernicke's",https://en.wikipedia.org/wiki/Wernicke_encephalopathy
Encephalotrigeminal angiomatosis,https://en.wikipedia.org/wiki/Encephalotrigeminal_Angiomatosis
Enchondromatosis (benign),https://en.wikipedia.org/wiki/Enchondromatosis_(benign)
Encopresis,https://en.wikipedia.org/wiki/Encopresis
Endocardial fibroelastosis,https://en.wikipedia.org/wiki/Endocardial_fibroelastosis
"Endocarditis, infective","https://en.wikipedia.org/wiki/Endocarditis,_infective"
Endocarditis,https://en.wikipedia.org/wiki/Endocarditis
Endocrinopathy,https://en.wikipedia.org/wiki/Endocrinopathy
Endometrial stromal sarcoma,https://en.wikipedia.org/wiki/Endometrial_stromal_sarcoma
Endometriosis,https://en.wikipedia.org/wiki/Endometriosis
Endomyocardial fibrosis,https://en.wikipedia.org/wiki/Endomyocardial_fibrosis
Enetophobia,https://en.wikipedia.org/wiki/Enetophobia
Enolase deficiency,https://en.wikipedia.org/wiki/Enolase_deficiency
Enterobiasis,https://en.wikipedia.org/wiki/Enterobiasis
Enteropathica,https://en.wikipedia.org/wiki/Enteropathica
Entomophthoramycosis,https://en.wikipedia.org/wiki/Entomophthoramycosis
Enuresis,https://en.wikipedia.org/wiki/Enuresis
Envenomization by bothrops lanceolatus,https://en.wikipedia.org/wiki/Envenomization_by_bothrops_lanceolatus
Envenomization by the Martinique lancehead viper,https://en.wikipedia.org/wiki/Envenomization_by_the_Martinique_lancehead_viper
Eosinophilia,https://en.wikipedia.org/wiki/Eosinophilia
Eosinophilia–myalgia syndrome,https://en.wikipedia.org/wiki/Eosinophilia%E2%80%93myalgia_syndrome
Eosinophilic cystitis,https://en.wikipedia.org/wiki/Eosinophilic_cystitis
Eosinophilic fasciitis,https://en.wikipedia.org/wiki/Eosinophilic_fasciitis
Eosinophilic gastroenteritis,https://en.wikipedia.org/wiki/Eosinophilic_gastroenteritis
Eosinophilic granuloma,https://en.wikipedia.org/wiki/Eosinophilic_granuloma
Eosinophilic pustular folliculitis,https://en.wikipedia.org/wiki/Eosinophilic_folliculitis
Eosinophilic myocarditis,https://en.wikipedia.org/wiki/Eosinophilic_myocarditis
Ependymoblastoma,https://en.wikipedia.org/wiki/Ependymoblastoma
Ependymoma,https://en.wikipedia.org/wiki/Ependymoma
Epicondylitis,https://en.wikipedia.org/wiki/Epicondylitis
Epidemic encephalitis,https://en.wikipedia.org/wiki/Epidemic_encephalitis
Epidermodysplasia verruciformis,https://en.wikipedia.org/wiki/Epidermodysplasia_verruciformis
Epidermoid carcinoma,https://en.wikipedia.org/wiki/Epidermoid_carcinoma
Epidermolysis bullosa acquisita,https://en.wikipedia.org/wiki/Epidermolysis_bullosa_acquisita
"Epidermolysis bullosa, junctional","https://en.wikipedia.org/wiki/Epidermolysis_bullosa,_junctional"
Epidermolysis bullosa,https://en.wikipedia.org/wiki/Epidermolysis_bullosa
Epidermolytic hyperkeratosis,https://en.wikipedia.org/wiki/Epidermolytic_hyperkeratosis
Epididymitis,https://en.wikipedia.org/wiki/Epididymitis
Epilepsia partialis continua,https://en.wikipedia.org/wiki/Epilepsia_partialis_continua
Epilepsy,https://en.wikipedia.org/wiki/Epilepsy
Epilepsy benign neonatal familial,https://en.wikipedia.org/wiki/Benign_familial_neonatal_epilepsy
Epilepsy benign neonatal familial 1,https://en.wikipedia.org/wiki/Benign_familial_neonatal_epilepsy#BFNC1
Epilepsy benign neonatal familial 2,https://en.wikipedia.org/wiki/Benign_familial_neonatal_epilepsy#BFNC2
Epilepsy benign neonatal familial 3,https://en.wikipedia.org/wiki/Benign_familial_neonatal_epilepsy#BFNC3
Epilepsy juvenile absence,https://en.wikipedia.org/wiki/Epilepsy_juvenile_absence
Epilepsy progressive myoclonic,https://en.wikipedia.org/wiki/Progressive_myoclonus_epilepsy
Epimerase deficiency,https://en.wikipedia.org/wiki/Epimerase_deficiency
Epiphyseal stippling syndrome osteoclastic hyperplasia,https://en.wikipedia.org/wiki/Epiphyseal_stippling_syndrome_osteoclastic_hyperplasia
Epithelial-myoepithelial carcinoma,https://en.wikipedia.org/wiki/Epithelial-myoepithelial_carcinoma
EPP (erythropoietic protoporphyria),https://en.wikipedia.org/wiki/EPP_(erythropoietic_protoporphyria)
Epstein barr virus mononucleosis,https://en.wikipedia.org/wiki/Epstein_barr_virus_mononucleosis
Epstein syndrome,https://en.wikipedia.org/wiki/Epstein_syndrome
Equinophobia,https://en.wikipedia.org/wiki/Equinophobia
Erb–Duchenne palsy,https://en.wikipedia.org/wiki/Erb%E2%80%93Duchenne_palsy
Erdheim disease,https://en.wikipedia.org/wiki/Erdheim_disease
Erdheim–Chester disease,https://en.wikipedia.org/wiki/Erdheim%E2%80%93Chester_disease
Ergophobia,https://en.wikipedia.org/wiki/Ergophobia
Erosive pustular dermatosis of the scalp,https://en.wikipedia.org/wiki/Erosive_pustular_dermatosis_of_the_scalp
Erysipelas,https://en.wikipedia.org/wiki/Erysipelas
Erythema multiforme,https://en.wikipedia.org/wiki/Erythema_multiforme
Erythema nodosum,https://en.wikipedia.org/wiki/Erythema_nodosum
Erythermalgia,https://en.wikipedia.org/wiki/Erythermalgia
Erythroblastopenia,https://en.wikipedia.org/wiki/Erythroblastopenia_(disambiguation)
Erythrokeratodermia ataxia,https://en.wikipedia.org/wiki/Erythrokeratodermia_ataxia
"Erythrokeratodermia variabilis, Mendes da Costa type","https://en.wikipedia.org/wiki/Erythrokeratodermia_variabilis,_Mendes_da_Costa_type"
Erythrokeratodermia with ataxia,https://en.wikipedia.org/wiki/Erythrokeratodermia_with_ataxia
Erythrokeratolysis hiemalis ichthyosis,https://en.wikipedia.org/wiki/Erythrokeratolysis_hiemalis_ichthyosis
Erythromelalgia,https://en.wikipedia.org/wiki/Erythromelalgia
Erythroplakia,https://en.wikipedia.org/wiki/Erythroplakia
Erythroplasia of Queyrat,https://en.wikipedia.org/wiki/Erythroplasia_of_Queyrat
Erythropoietic protoporphyria,https://en.wikipedia.org/wiki/Erythropoietic_protoporphyria
Escherichia coli infection,https://en.wikipedia.org/wiki/Pathogenic_Escherichia_coli
Esophageal atresia,https://en.wikipedia.org/wiki/Esophageal_atresia
Esophageal disorder,https://en.wikipedia.org/wiki/Esophageal_disorder
Esophageal neoplasm,https://en.wikipedia.org/wiki/Esophageal_neoplasm
Esophageal varices,https://en.wikipedia.org/wiki/Esophageal_varices
Esophoria,https://en.wikipedia.org/wiki/Esophoria
Esotropia,https://en.wikipedia.org/wiki/Esotropia
Essential fatty acid deficiency,https://en.wikipedia.org/wiki/Essential_fatty_acid#Essential_fatty_acid_deficiency
Essential hypertension,https://en.wikipedia.org/wiki/Essential_hypertension
Essential iris atrophy,https://en.wikipedia.org/wiki/Essential_iris_atrophy
Essential mixed cryoglobulinemia,https://en.wikipedia.org/wiki/Essential_mixed_cryoglobulinemia
Essential thrombocytopenia,https://en.wikipedia.org/wiki/Essential_thrombocytopenia
Essential thrombocythemia,https://en.wikipedia.org/wiki/Essential_thrombocythemia
Essential thrombocytosis,https://en.wikipedia.org/wiki/Essential_thrombocytosis
Esthesioneuroblastoma,https://en.wikipedia.org/wiki/Esthesioneuroblastoma
Ethylmalonic aciduria,https://en.wikipedia.org/wiki/Ethylmalonic_aciduria
Ethylmalonic adipic aciduria,https://en.wikipedia.org/wiki/Ethylmalonic_adipic_aciduria
Eumycetoma,https://en.wikipedia.org/wiki/Eumycetoma
Eunuchoidism familial,https://en.wikipedia.org/wiki/Eunuchoidism_familial
Evan's syndrome,https://en.wikipedia.org/wiki/Evan%27s_syndrome
Ewing's sarcoma,https://en.wikipedia.org/wiki/Ewing%27s_sarcoma
Exencephaly,https://en.wikipedia.org/wiki/Exencephaly
Exercise induced anaphylaxis,https://en.wikipedia.org/wiki/Exercise_induced_anaphylaxis
Exfoliative dermatitis,https://en.wikipedia.org/wiki/Exfoliative_dermatitis
Exner syndrome,https://en.wikipedia.org/wiki/Exner_syndrome
Exogenous lipoid pneumonia,https://en.wikipedia.org/wiki/Exogenous_lipoid_pneumonia
Exophoria,https://en.wikipedia.org/wiki/Exophoria
Exophthalmos,https://en.wikipedia.org/wiki/Exophthalmos
"Exostoses, multiple",https://en.wikipedia.org/wiki/Hereditary_Multiple_Exostoses
"Exostoses, multiple, type 1",https://en.wikipedia.org/wiki/Hereditary_Multiple_Exostoses
"Exostoses, multiple, type 2",https://en.wikipedia.org/wiki/Hereditary_Multiple_Exostoses
"Exostoses, multiple, type 3",https://en.wikipedia.org/wiki/Hereditary_Multiple_Exostoses
Exostoses,https://en.wikipedia.org/wiki/Exostoses
Exotropia,https://en.wikipedia.org/wiki/Exotropia
Experimental allergic encephalomyelitis,https://en.wikipedia.org/wiki/Experimental_allergic_encephalomyelitis
Exploding head syndrome,https://en.wikipedia.org/wiki/Exploding_head_syndrome
Exstrophy of the bladder,https://en.wikipedia.org/wiki/Exstrophy_of_the_bladder
Exstrophy of the bladder-epispadias,https://en.wikipedia.org/wiki/Exstrophy_of_the_bladder-epispadias
Extrapyramidal disorder,https://en.wikipedia.org/wiki/Extrapyramidal_disorder
